{"accuracy/top1": 93.01802062988281, "accuracy/top5": 99.43693542480469, "data_time": 0.13533244814191545, "time": 0.2306830883026123}