{"lr": 0.00013793965517241383, "data_time": 11.407986211776734, "loss": 0.0216149777173996, "loss_cls": 0.0216149777173996, "loss_bbox": 0.0, "time": 11.956873846054076, "epoch": 1, "memory": 2048, "step": 5}
{"lr": 0.0003103517241379311, "data_time": 9.711124777793884, "loss": 0.019252127222716808, "loss_cls": 0.019252127222716808, "loss_bbox": 0.0, "time": 10.036053562164307, "epoch": 1, "memory": 2048, "step": 10}
{"lr": 0.00048276379310344835, "data_time": 6.47533852259318, "loss": 0.016273089218884706, "loss_cls": 0.016273089218884706, "loss_bbox": 0.0, "time": 6.72264788945516, "epoch": 1, "memory": 2048, "step": 15}
