{"coco/bbox_mAP": 0.821, "coco/bbox_mAP_50": 0.964, "coco/bbox_mAP_75": 0.964, "coco/bbox_mAP_s": -1.0, "coco/bbox_mAP_m": -1.0, "coco/bbox_mAP_l": 0.821, "data_time": 3.0053329865137735, "time": 3.612109899520874}