{"coco/bbox_mAP": 0.003, "coco/bbox_mAP_50": 0.005, "coco/bbox_mAP_75": 0.002, "coco/bbox_mAP_s": 0.0, "coco/bbox_mAP_m": 0.003, "coco/bbox_mAP_l": 0.004, "data_time": 1.4107774496078491, "time": 2.5377087593078613}