{"lr": 0.00017246206896551726, "data_time": 2.9207957983016968, "loss": 0.010406557004898787, "loss_cls": 0.010406557004898787, "loss_bbox": 0.0, "time": 4.28318452835083, "epoch": 1, "memory": 3921, "step": 2}
{"lr": 0.0005172862068965517, "data_time": 2.2161620259284973, "loss": 0.00969556556083262, "loss_cls": 0.00969556556083262, "loss_bbox": 0.0, "time": 2.9825092554092407, "epoch": 2, "memory": 3945, "step": 4}
{"lr": 0.0008621103448275861, "data_time": 1.9984770218531291, "loss": 0.009628612703333298, "loss_cls": 0.009628612703333298, "loss_bbox": 0.0, "time": 2.566246747970581, "epoch": 3, "memory": 3945, "step": 6}
{"lr": 0.0012069344827586206, "data_time": 1.9008173048496246, "loss": 0.008523501921445131, "loss_cls": 0.008523501921445131, "loss_bbox": 0.0, "time": 2.3695176243782043, "epoch": 4, "memory": 3945, "step": 8}
{"lr": 0.0015517586206896551, "data_time": 1.8166311979293823, "loss": 0.007527659414336085, "loss_cls": 0.007527659414336085, "loss_bbox": 0.0, "time": 2.226567268371582, "epoch": 5, "memory": 3945, "step": 10}
{"lr": 0.0018965827586206897, "data_time": 1.780627171198527, "loss": 0.006657033877369638, "loss_cls": 0.006657033877369638, "loss_bbox": 0.0, "time": 2.151103933652242, "epoch": 6, "memory": 3945, "step": 12}
{"lr": 0.002241406896551724, "data_time": 1.7470277036939348, "loss": 0.005930016623876456, "loss_cls": 0.005930016623876456, "loss_bbox": 0.0, "time": 2.0888605288096835, "epoch": 7, "memory": 3945, "step": 14}
{"lr": 0.0025862310344827583, "data_time": 1.7241538912057877, "loss": 0.0053227297285047825, "loss_cls": 0.0053227297285047825, "loss_bbox": 0.0, "time": 2.0448170751333237, "epoch": 8, "memory": 3945, "step": 16}
{"lr": 0.002931055172413793, "data_time": 1.6923687987857394, "loss": 0.0048175251674062265, "loss_cls": 0.0048175251674062265, "loss_bbox": 0.0, "time": 1.996652020348443, "epoch": 9, "memory": 3945, "step": 18}
