{"coco/AP": 0.7327483692571487, "coco/AP .5": 1.0, "coco/AP .75": 0.9463897609273123, "coco/AP (M)": -1.0, "coco/AP (L)": 0.7327483692571487, "coco/AR": 0.7738095238095237, "coco/AR .5": 1.0, "coco/AR .75": 0.9523809523809523, "coco/AR (M)": -1.0, "coco/AR (L)": 0.7738095238095237, "PCK": 0.9739229024943311, "AUC": 0.1346371882086168, "NME": 0.04240096561492435, "data_time": 1.621584415435791, "time": 2.148608644803365}